System,Image_ID,sigma_RA_arcsec,sigma_DEC_arcsec,sigma_total_arcsec,Magnification
System 1 (z=1.412),1a,0.04349455296373281,0.08355513627959692,0.09419786057133661,-3.640464627029627
System 1 (z=1.412),1b,0.028954919352543667,0.06886401537360524,0.07470368108793868,-8.52300898366727
System 1 (z=1.412),1c,0.05405643362551472,0.07324260366505543,0.09103063774326789,10.117228867758929
System 1 (z=1.412),1d,0.04066041695185057,0.03599205987086537,0.0543019141508501,81.33767371390111
System 1 (z=1.412),1e,0.05447480784718424,0.03666016822866227,0.06566180491382691,2.4325478154522084
System 2 (z=1.407),2a,0.03553853545034257,0.03480863837001115,0.04974564108672706,-4.52900277615501
System 2 (z=1.407),2b,0.024492899465552078,0.01973143587524084,0.03145205376328202,2.056936760506897
System 2 (z=1.407),2c,0.034965489305788265,0.02483875365557692,0.042889965324719365,-7.348026093515604
System 2 (z=1.407),2d,0.022014221767796598,0.023795998683979972,0.03241721014229488,6.258566770332083
System 2 (z=1.407),2e,0.02816942903412133,0.0205004449886225,0.03483941699913957,-18.785538488147672
System 2 (z=1.407),2f,0.06280426133031379,0.08749155749841211,0.10769934017785021,1.2079926289872407
LAE System (z=4.663),lae_4_1,0.40898410977285793,0.10626853775718494,0.42256479285873705,-0.663433855361743
LAE System (z=4.663),lae_4_2,0.11434892700603211,0.1034332262435266,0.15418855145105753,-0.8607500082708252
